{
  "K": 812,
  "H": 32,
  "lam": 0.08,
  "noise_sigma": 0.8,
  "adaptive_lam": false,
  "n_eff_threshold": 256,
  "open_loop_steps": 1,
  "_generated_by": "scripts/gen_adroit_relocate_noise_cov.py",
  "_hand_synergy": 0.4,
  "_lift_coupling": 0.25,
  "noise_cov": [
    [
      0.00390625,
      0.0,
      0.0,
      0.0,
      0.0,
      0.0,
      0.0,
      0.0,
      0.0,
      0.0,
      0.0,
      0.0,
      0.0,
      0.0,
      0.0,
      0.0,
      0.0,
      0.0,
      0.0,
      0.0,
      0.0,
      0.0,
      0.0,
      0.0,
      0.0,
      0.0,
      0.0,
      0.0,
      0.0,
      0.0
    ],
    [
      0.0,
      0.0006250000000000001,
      0.0,
      0.0,
      0.0,
      0.0,
      0.0,
      0.0,
      0.0,
      0.0,
      0.0,
      0.0,
      0.0,
      0.0,
      0.0,
      0.0,
      0.0,
      0.0,
      0.0,
      0.0,
      0.0,
      0.0,
      0.0,
      0.0,
      0.0,
      0.0,
      0.0,
      0.0,
      0.0,
      0.0
    ],
    [
      0.0,
      0.0,
      0.010000000000000002,
      0.0,
      0.0,
      0.0,
      0.0,
      0.0,
      0.0027500000000000003,
      0.005000000000000001,
      0.005000000000000001,
      0.005000000000000001,
      0.0027500000000000003,
      0.005000000000000001,
      0.005000000000000001,
      0.005000000000000001,
      0.0027500000000000003,
      0.005000000000000001,
      0.005000000000000001,
      0.005000000000000001,
      0.0021874999999999998,
      0.0027500000000000003,
      0.005000000000000001,
      0.005000000000000001,
      0.005000000000000001,
      0.00625,
      0.0040625,
      0.0016250000000000001,
      0.0032500000000000003,
      0.0049093750000000005
    ],
    [
      0.0,
      0.0,
      0.0,
      0.03515625,
      0.0,
      0.0,
      0.0,
      0.0,
      0.0,
      0.0,
      0.0,
      0.0,
      0.0,
      0.0,
      0.0,
      0.0,
      0.0,
      0.0,
      0.0,
      0.0,
      0.0,
      0.0,
      0.0,
      0.0,
      0.0,
      0.0,
      0.0,
      0.0,
      0.0,
      0.0
    ],
    [
      0.0,
      0.0,
      0.0,
      0.0,
      0.03515625,
      0.0,
      0.0,
      0.0,
      0.0,
      0.0,
      0.0,
      0.0,
      0.0,
      0.0,
      0.0,
      0.0,
      0.0,
      0.0,
      0.0,
      0.0,
      0.0,
      0.0,
      0.0,
      0.0,
      0.0,
      0.0,
      0.0,
      0.0,
      0.0,
      0.0
    ],
    [
      0.0,
      0.0,
      0.0,
      0.0,
      0.0,
      0.03515625,
      0.0,
      0.0,
      0.0,
      0.0,
      0.0,
      0.0,
      0.0,
      0.0,
      0.0,
      0.0,
      0.0,
      0.0,
      0.0,
      0.0,
      0.0,
      0.0,
      0.0,
      0.0,
      0.0,
      0.0,
      0.0,
      0.0,
      0.0,
      0.0
    ],
    [
      0.0,
      0.0,
      0.0,
      0.0,
      0.0,
      0.0,
      0.007634390625000002,
      0.0,
      0.0,
      0.0,
      0.0,
      0.0,
      0.0,
      0.0,
      0.0,
      0.0,
      0.0,
      0.0,
      0.0,
      0.0,
      0.0,
      0.0,
      0.0,
      0.0,
      0.0,
      0.0,
      0.0,
      0.0,
      0.0,
      0.0
    ],
    [
      0.0,
      0.0,
      0.0,
      0.0,
      0.0,
      0.0,
      0.0,
      0.030624999999999996,
      0.0,
      0.0,
      0.0,
      0.0,
      0.0,
      0.0,
      0.0,
      0.0,
      0.0,
      0.0,
      0.0,
      0.0,
      0.0,
      0.0,
      0.0,
      0.0,
      0.0,
      0.0,
      0.0,
      0.0,
      0.0,
      0.0
    ],
    [
      0.0,
      0.0,
      0.0027500000000000003,
      0.0,
      0.0,
      0.0,
      0.0,
      0.0,
      0.0121,
      0.0088,
      0.0088,
      0.0088,
      0.0048400000000000006,
      0.0088,
      0.0088,
      0.0088,
      0.0048400000000000006,
      0.0088,
      0.0088,
      0.0088,
      0.00385,
      0.0048400000000000006,
      0.0088,
      0.0088,
      0.0088,
      0.011000000000000001,
      0.007150000000000001,
      0.0028600000000000006,
      0.005720000000000001,
      0.0086405
    ],
    [
      0.0,
      0.0,
      0.005000000000000001,
      0.0,
      0.0,
      0.0,
      0.0,
      0.0,
      0.008800000000000002,
      0.04000000000000001,
      0.016000000000000004,
      0.016000000000000004,
      0.008800000000000002,
      0.016000000000000004,
      0.016000000000000004,
      0.016000000000000004,
      0.008800000000000002,
      0.016000000000000004,
      0.016000000000000004,
      0.016000000000000004,
      0.007000000000000001,
      0.008800000000000002,
      0.016000000000000004,
      0.016000000000000004,
      0.016000000000000004,
      0.020000000000000004,
      0.013000000000000003,
      0.0052000000000000015,
      0.010400000000000003,
      0.015710000000000002
    ],
    [
      0.0,
      0.0,
      0.005000000000000001,
      0.0,
      0.0,
      0.0,
      0.0,
      0.0,
      0.008800000000000002,
      0.016000000000000004,
      0.04000000000000001,
      0.016000000000000004,
      0.008800000000000002,
      0.016000000000000004,
      0.016000000000000004,
      0.016000000000000004,
      0.008800000000000002,
      0.016000000000000004,
      0.016000000000000004,
      0.016000000000000004,
      0.007000000000000001,
      0.008800000000000002,
      0.016000000000000004,
      0.016000000000000004,
      0.016000000000000004,
      0.020000000000000004,
      0.013000000000000003,
      0.0052000000000000015,
      0.010400000000000003,
      0.015710000000000002
    ],
    [
      0.0,
      0.0,
      0.005000000000000001,
      0.0,
      0.0,
      0.0,
      0.0,
      0.0,
      0.008800000000000002,
      0.016000000000000004,
      0.016000000000000004,
      0.04000000000000001,
      0.008800000000000002,
      0.016000000000000004,
      0.016000000000000004,
      0.016000000000000004,
      0.008800000000000002,
      0.016000000000000004,
      0.016000000000000004,
      0.016000000000000004,
      0.007000000000000001,
      0.008800000000000002,
      0.016000000000000004,
      0.016000000000000004,
      0.016000000000000004,
      0.020000000000000004,
      0.013000000000000003,
      0.0052000000000000015,
      0.010400000000000003,
      0.015710000000000002
    ],
    [
      0.0,
      0.0,
      0.0027500000000000003,
      0.0,
      0.0,
      0.0,
      0.0,
      0.0,
      0.0048400000000000006,
      0.0088,
      0.0088,
      0.0088,
      0.0121,
      0.0088,
      0.0088,
      0.0088,
      0.0048400000000000006,
      0.0088,
      0.0088,
      0.0088,
      0.00385,
      0.0048400000000000006,
      0.0088,
      0.0088,
      0.0088,
      0.011000000000000001,
      0.007150000000000001,
      0.0028600000000000006,
      0.005720000000000001,
      0.0086405
    ],
    [
      0.0,
      0.0,
      0.005000000000000001,
      0.0,
      0.0,
      0.0,
      0.0,
      0.0,
      0.008800000000000002,
      0.016000000000000004,
      0.016000000000000004,
      0.016000000000000004,
      0.008800000000000002,
      0.04000000000000001,
      0.016000000000000004,
      0.016000000000000004,
      0.008800000000000002,
      0.016000000000000004,
      0.016000000000000004,
      0.016000000000000004,
      0.007000000000000001,
      0.008800000000000002,
      0.016000000000000004,
      0.016000000000000004,
      0.016000000000000004,
      0.020000000000000004,
      0.013000000000000003,
      0.0052000000000000015,
      0.010400000000000003,
      0.015710000000000002
    ],
    [
      0.0,
      0.0,
      0.005000000000000001,
      0.0,
      0.0,
      0.0,
      0.0,
      0.0,
      0.008800000000000002,
      0.016000000000000004,
      0.016000000000000004,
      0.016000000000000004,
      0.008800000000000002,
      0.016000000000000004,
      0.04000000000000001,
      0.016000000000000004,
      0.008800000000000002,
      0.016000000000000004,
      0.016000000000000004,
      0.016000000000000004,
      0.007000000000000001,
      0.008800000000000002,
      0.016000000000000004,
